,tendance,answer,count,total,value
0,Écologiste,HONNÊTE,1041,5639,0.18460719985813087
1,Écologiste,INTÈGRE,290,5639,0.051427558077673345
2,Écologiste,JUSTE,176,5639,0.03121120766093279
3,Écologiste,HUMAIN,157,5639,0.027841815924809363
4,Écologiste,HONNÊTETÉ,149,5639,0.026423124667494236
5,Écologiste,HUMANISTE,128,5639,0.02269906011704203
6,Écologiste,SINCÈRE,104,5639,0.018442986345096647
7,Écologiste,EFFICACE,93,5639,0.01649228586628835
8,Écologiste,RÉALISTE,92,5639,0.01631494945912396
9,Écologiste,À L'ÉCOUTE,91,5639,0.016137613051959567
10,Écologiste,VISIONNAIRE,74,5639,0.013122894130164924
11,Écologiste,COURAGEUX,69,5639,0.012236212094342969
12,Écologiste,COMPÉTENT,68,5639,0.012058875687178578
13,Écologiste,PRAGMATIQUE,65,5639,0.011526866465685405
14,Écologiste,RESPONSABLE,58,5639,0.010285511615534669
15,Écologiste,ALTRUISTE,47,5639,0.008334811136726369
16,Écologiste,CITOYEN,47,5639,0.008334811136726369
17,Écologiste,INCORRUPTIBLE,43,5639,0.007625465508068806
18,Écologiste,DÉSINTÉRESSÉ,43,5639,0.007625465508068806
19,Écologiste,INTELLIGENT,38,5639,0.006738783472246853
20,Écologiste,LE PEN,35,5639,0.00620677425075368
21,Écologiste,INDÉPENDANT,33,5639,0.005852101436424898
22,Écologiste,HUMBLE,31,5639,0.005497428622096116
23,Écologiste,FRANC,30,5639,0.005320092214931725
24,Écologiste,INTÉGRITÉ,30,5639,0.005320092214931725
25,Écologiste,BIENVEILLANT,30,5639,0.005320092214931725
26,Écologiste,LOYAL,29,5639,0.0051427558077673345
27,Écologiste,MÉLENCHON,29,5639,0.0051427558077673345
28,Écologiste,UNE FEMME,28,5639,0.004965419400602944
29,Écologiste,ATTENTIF,26,5639,0.004610746586274162
30,Écologiste,ENGAGÉ,26,5639,0.004610746586274162
31,Écologiste,VRAI,26,5639,0.004610746586274162
32,Écologiste,DROIT,26,5639,0.004610746586274162
33,Écologiste,OUVERT,25,5639,0.004433410179109771
34,Écologiste,ÉCOLOGISTE,25,5639,0.004433410179109771
35,Écologiste,INNOVANT,24,5639,0.00425607377194538
36,Écologiste,FIABLE,24,5639,0.00425607377194538
37,Écologiste,COURAGE,23,5639,0.00407873736478099
38,Écologiste,PATRIOTE,23,5639,0.00407873736478099
39,Écologiste,NOVATEUR,22,5639,0.0039014009576165986
40,Écologiste,IRRÉPROCHABLE,22,5639,0.0039014009576165986
41,Écologiste,CONCRET,21,5639,0.0037240645504522077
42,Écologiste,EMPATHIQUE,20,5639,0.003546728143287817
43,Écologiste,TRANSPARENT,20,5639,0.003546728143287817
44,Écologiste,EXEMPLAIRE,20,5639,0.003546728143287817
45,Écologiste,SAGE,19,5639,0.0033693917361234263
46,Écologiste,RESPECTUEUX,18,5639,0.0031920553289590354
47,Écologiste,DROITURE,18,5639,0.0031920553289590354
48,Écologiste,RESPECT,17,5639,0.0030147189217946445
49,Écologiste,JEUNE,17,5639,0.0030147189217946445
50,Extrême gauche,HONNÊTE,537,2984,0.1799597855227882
51,Extrême gauche,INTÈGRE,149,2984,0.04993297587131367
52,Extrême gauche,HUMAIN,99,2984,0.033176943699731905
53,Extrême gauche,HONNÊTETÉ,91,2984,0.03049597855227882
54,Extrême gauche,JUSTE,79,2984,0.026474530831099196
55,Extrême gauche,HUMANISTE,65,2984,0.0217828418230563
56,Extrême gauche,SINCÈRE,58,2984,0.01943699731903485
57,Extrême gauche,RÉALISTE,53,2984,0.017761394101876677
58,Extrême gauche,VISIONNAIRE,48,2984,0.0160857908847185
59,Extrême gauche,À L'ÉCOUTE,47,2984,0.015750670241286863
60,Extrême gauche,EFFICACE,45,2984,0.015080428954423592
61,Extrême gauche,COURAGEUX,44,2984,0.014745308310991957
62,Extrême gauche,COMPÉTENT,43,2984,0.014410187667560321
63,Extrême gauche,ALTRUISTE,36,2984,0.012064343163538873
64,Extrême gauche,RESPONSABLE,31,2984,0.010388739946380697
65,Extrême gauche,PRAGMATIQUE,31,2984,0.010388739946380697
66,Extrême gauche,INDÉPENDANT,27,2984,0.009048257372654156
67,Extrême gauche,INCORRUPTIBLE,24,2984,0.00804289544235925
68,Extrême gauche,VRAI,21,2984,0.0070375335120643435
69,Extrême gauche,RASSEMBLEUR,19,2984,0.006367292225201072
70,Extrême gauche,FRANC,18,2984,0.006032171581769437
71,Extrême gauche,PATRIOTE,17,2984,0.005697050938337802
72,Extrême gauche,INTÉGRITÉ,17,2984,0.005697050938337802
73,Extrême gauche,LE PEN,17,2984,0.005697050938337802
74,Extrême gauche,CONCRET,17,2984,0.005697050938337802
75,Extrême gauche,LOYAL,17,2984,0.005697050938337802
76,Extrême gauche,CITOYEN,17,2984,0.005697050938337802
77,Extrême gauche,INTELLIGENT,16,2984,0.005361930294906166
78,Extrême gauche,DÉSINTÉRESSÉ,16,2984,0.005361930294906166
79,Extrême gauche,ATTENTIF,15,2984,0.005026809651474531
80,Extrême gauche,HUMBLE,15,2984,0.005026809651474531
81,Extrême gauche,TRANSPARENT,15,2984,0.005026809651474531
82,Extrême gauche,UNE FEMME,15,2984,0.005026809651474531
83,Extrême gauche,FIABLE,14,2984,0.004691689008042895
84,Extrême gauche,DROIT,13,2984,0.00435656836461126
85,Extrême gauche,CRÉDIBLE,13,2984,0.00435656836461126
86,Extrême gauche,RESPECTUEUX,12,2984,0.004021447721179625
87,Extrême gauche,MÉLENCHON,12,2984,0.004021447721179625
88,Extrême gauche,VÉRITÉ,11,2984,0.003686327077747989
89,Extrême gauche,SAGE,11,2984,0.003686327077747989
90,Extrême gauche,DROITURE,11,2984,0.003686327077747989
91,Extrême gauche,DÉMOCRATE,11,2984,0.003686327077747989
92,Extrême gauche,ÉQUITABLE,11,2984,0.003686327077747989
93,Extrême gauche,SÉRIEUX,11,2984,0.003686327077747989
94,Extrême gauche,BIENVEILLANT,11,2984,0.003686327077747989
95,Extrême gauche,PEUPLE,10,2984,0.003351206434316354
96,Extrême gauche,JEUNE,10,2984,0.003351206434316354
97,Extrême gauche,RÉVOLUTIONNAIRE,10,2984,0.003351206434316354
98,Extrême gauche,VOLONTAIRE,9,2984,0.0030160857908847183
99,Extrême gauche,COURAGE,9,2984,0.0030160857908847183
100,Gauche,HONNÊTE,1502,8106,0.1852948433259314
101,Gauche,INTÈGRE,432,8106,0.053293856402664694
102,Gauche,JUSTE,253,8106,0.031211448309893905
103,Gauche,HUMAIN,227,8106,0.028003947693066866
104,Gauche,HONNÊTETÉ,207,8106,0.02553663952627683
105,Gauche,HUMANISTE,164,8106,0.020231926967678265
106,Gauche,SINCÈRE,148,8106,0.018258080434246236
107,Gauche,RÉALISTE,146,8106,0.018011349617567233
108,Gauche,COURAGEUX,141,8106,0.017394522575869726
109,Gauche,EFFICACE,127,8106,0.015667406859116703
110,Gauche,À L'ÉCOUTE,126,8106,0.015544041450777202
111,Gauche,COMPÉTENT,119,8106,0.01468048359240069
112,Gauche,VISIONNAIRE,96,8106,0.011843079200592153
113,Gauche,PRAGMATIQUE,90,8106,0.011102886750555145
114,Gauche,RESPONSABLE,86,8106,0.010609425117197138
115,Gauche,ALTRUISTE,82,8106,0.010115963483839132
116,Gauche,INCORRUPTIBLE,71,8106,0.008758943992104614
117,Gauche,INTÉGRITÉ,58,8106,0.007155193683691093
118,Gauche,CITOYEN,51,8106,0.006291635825314582
119,Gauche,FRANC,49,8106,0.006044905008635579
120,Gauche,LE PEN,49,8106,0.006044905008635579
121,Gauche,INDÉPENDANT,47,8106,0.005798174191956575
122,Gauche,INTELLIGENT,43,8106,0.005304712558598569
123,Gauche,LOYAL,43,8106,0.005304712558598569
124,Gauche,RASSEMBLEUR,42,8106,0.0051813471502590676
125,Gauche,ENGAGÉ,40,8106,0.004934616333580064
126,Gauche,TRANSPARENT,39,8106,0.0048112509252405625
127,Gauche,PATRIOTE,39,8106,0.0048112509252405625
128,Gauche,MÉLENCHON,38,8106,0.004687885516901061
129,Gauche,VRAI,37,8106,0.004564520108561559
130,Gauche,FIABLE,36,8106,0.0044411547002220575
131,Gauche,DROIT,36,8106,0.0044411547002220575
132,Gauche,OUVERT,35,8106,0.004317789291882556
133,Gauche,ATTENTIF,33,8106,0.0040710584752035525
134,Gauche,BIENVEILLANT,32,8106,0.003947693066864051
135,Gauche,DÉSINTÉRESSÉ,31,8106,0.0038243276585245498
136,Gauche,RESPECTUEUX,31,8106,0.0038243276585245498
137,Gauche,HUMBLE,30,8106,0.003700962250185048
138,Gauche,UNE FEMME,30,8106,0.003700962250185048
139,Gauche,DÉTERMINÉ,28,8106,0.0034542314335060447
140,Gauche,INNOVANT,28,8106,0.0034542314335060447
141,Gauche,SAGE,27,8106,0.0033308660251665434
142,Gauche,DÉMOCRATE,27,8106,0.0033308660251665434
143,Gauche,CONCRET,26,8106,0.0032075006168270415
144,Gauche,SOCIAL,26,8106,0.0032075006168270415
145,Gauche,EXEMPLAIRE,25,8106,0.00308413520848754
146,Gauche,ÉCOLOGISTE,25,8106,0.00308413520848754
147,Gauche,IRRÉPROCHABLE,24,8106,0.0029607698001480384
148,Gauche,NOUVEAU,24,8106,0.0029607698001480384
149,Gauche,COHÉRENT,23,8106,0.002837404391808537
150,Centre-gauche,HONNÊTE,533,2833,0.1881397811507236
151,Centre-gauche,INTÈGRE,156,2833,0.05506530180021179
152,Centre-gauche,HUMAIN,90,2833,0.03176844334627603
153,Centre-gauche,SINCÈRE,87,2833,0.030709495234733496
154,Centre-gauche,JUSTE,80,2833,0.028238616307800918
155,Centre-gauche,HONNÊTETÉ,67,2833,0.023649841157783267
156,Centre-gauche,HUMANISTE,65,2833,0.022943875750088244
157,Centre-gauche,RÉALISTE,53,2833,0.018708083303918106
158,Centre-gauche,VISIONNAIRE,49,2833,0.01729615248852806
159,Centre-gauche,COURAGEUX,48,2833,0.01694316978468055
160,Centre-gauche,COMPÉTENT,47,2833,0.016590187080833037
161,Centre-gauche,À L'ÉCOUTE,46,2833,0.016237204376985528
162,Centre-gauche,EFFICACE,42,2833,0.014825273561595482
163,Centre-gauche,PRAGMATIQUE,33,2833,0.011648429226967879
164,Centre-gauche,ALTRUISTE,33,2833,0.011648429226967879
165,Centre-gauche,INDÉPENDANT,30,2833,0.010589481115425344
166,Centre-gauche,RESPONSABLE,30,2833,0.010589481115425344
167,Centre-gauche,VRAI,21,2833,0.007412636780797741
168,Centre-gauche,LOYAL,21,2833,0.007412636780797741
169,Centre-gauche,INTÉGRITÉ,18,2833,0.0063536886692552065
170,Centre-gauche,FRANC,17,2833,0.006000705965407695
171,Centre-gauche,MÉLENCHON,17,2833,0.006000705965407695
172,Centre-gauche,LE PEN,17,2833,0.006000705965407695
173,Centre-gauche,INCORRUPTIBLE,16,2833,0.0056477232615601836
174,Centre-gauche,RESPECTUEUX,15,2833,0.005294740557712672
175,Centre-gauche,BIENVEILLANT,14,2833,0.004941757853865161
176,Centre-gauche,INTELLIGENT,14,2833,0.004941757853865161
177,Centre-gauche,ATTENTIF,14,2833,0.004941757853865161
178,Centre-gauche,ÉCOLOGISTE,13,2833,0.004588775150017649
179,Centre-gauche,DROIT,13,2833,0.004588775150017649
180,Centre-gauche,FIABLE,13,2833,0.004588775150017649
181,Centre-gauche,ENGAGÉ,12,2833,0.004235792446170138
182,Centre-gauche,CITOYEN,12,2833,0.004235792446170138
183,Centre-gauche,HUMBLE,12,2833,0.004235792446170138
184,Centre-gauche,VOLONTAIRE,11,2833,0.003882809742322626
185,Centre-gauche,ÉQUITABLE,11,2833,0.003882809742322626
186,Centre-gauche,DÉMOCRATE,10,2833,0.0035298270384751147
187,Centre-gauche,COURAGE,10,2833,0.0035298270384751147
188,Centre-gauche,APOLITIQUE,10,2833,0.0035298270384751147
189,Centre-gauche,CONCRET,10,2833,0.0035298270384751147
190,Centre-gauche,SINCÉRITÉ,10,2833,0.0035298270384751147
191,Centre-gauche,COHÉRENT,10,2833,0.0035298270384751147
192,Centre-gauche,RÉVOLUTIONNAIRE,9,2833,0.0031768443346276033
193,Centre-gauche,TRANSPARENCE,9,2833,0.0031768443346276033
194,Centre-gauche,CRÉDIBLE,9,2833,0.0031768443346276033
195,Centre-gauche,LE PEUPLE,8,2833,0.0028238616307800918
196,Centre-gauche,DÉVOUÉ,8,2833,0.0028238616307800918
197,Centre-gauche,RÉFORMATEUR,8,2833,0.0028238616307800918
198,Centre-gauche,RASSEMBLEUR,8,2833,0.0028238616307800918
199,Centre-gauche,DÉSINTÉRESSÉ,8,2833,0.0028238616307800918
200,Je préfère ne pas répondre,HONNÊTE,1209,6410,0.18861154446177847
201,Je préfère ne pas répondre,INTÈGRE,324,6410,0.05054602184087364
202,Je préfère ne pas répondre,JUSTE,193,6410,0.030109204368174727
203,Je préfère ne pas répondre,HUMAIN,185,6410,0.028861154446177848
204,Je préfère ne pas répondre,HONNÊTETÉ,166,6410,0.025897035881435257
205,Je préfère ne pas répondre,SINCÈRE,149,6410,0.023244929797191886
206,Je préfère ne pas répondre,HUMANISTE,121,6410,0.018876755070202807
207,Je préfère ne pas répondre,EFFICACE,113,6410,0.017628705148205928
208,Je préfère ne pas répondre,À L'ÉCOUTE,110,6410,0.0171606864274571
209,Je préfère ne pas répondre,COMPÉTENT,105,6410,0.01638065522620905
210,Je préfère ne pas répondre,VISIONNAIRE,99,6410,0.015444617784711389
211,Je préfère ne pas répondre,COURAGEUX,93,6410,0.014508580343213728
212,Je préfère ne pas répondre,RÉALISTE,93,6410,0.014508580343213728
213,Je préfère ne pas répondre,RESPONSABLE,87,6410,0.013572542901716068
214,Je préfère ne pas répondre,ALTRUISTE,73,6410,0.011388455538221529
215,Je préfère ne pas répondre,PRAGMATIQUE,73,6410,0.011388455538221529
216,Je préfère ne pas répondre,INDÉPENDANT,47,6410,0.007332293291731669
217,Je préfère ne pas répondre,INTÉGRITÉ,46,6410,0.007176287051482059
218,Je préfère ne pas répondre,FRANC,44,6410,0.006864274570982839
219,Je préfère ne pas répondre,LOYAL,43,6410,0.00670826833073323
220,Je préfère ne pas répondre,VRAI,42,6410,0.006552262090483619
221,Je préfère ne pas répondre,ENGAGÉ,39,6410,0.006084243369734789
222,Je préfère ne pas répondre,HUMBLE,39,6410,0.006084243369734789
223,Je préfère ne pas répondre,INCORRUPTIBLE,37,6410,0.0057722308892355694
224,Je préfère ne pas répondre,FIABLE,35,6410,0.00546021840873635
225,Je préfère ne pas répondre,OUVERT,35,6410,0.00546021840873635
226,Je préfère ne pas répondre,CITOYEN,35,6410,0.00546021840873635
227,Je préfère ne pas répondre,LE PEN,33,6410,0.00514820592823713
228,Je préfère ne pas répondre,DROIT,33,6410,0.00514820592823713
229,Je préfère ne pas répondre,DÉSINTÉRESSÉ,30,6410,0.0046801872074883
230,Je préfère ne pas répondre,BIENVEILLANT,29,6410,0.004524180967238689
231,Je préfère ne pas répondre,EMPATHIQUE,28,6410,0.00436817472698908
232,Je préfère ne pas répondre,UNE FEMME,28,6410,0.00436817472698908
233,Je préfère ne pas répondre,MÉLENCHON,27,6410,0.0042121684867394696
234,Je préfère ne pas répondre,INTELLIGENT,27,6410,0.0042121684867394696
235,Je préfère ne pas répondre,RASSEMBLEUR,26,6410,0.004056162246489859
236,Je préfère ne pas répondre,TRANSPARENT,23,6410,0.0035881435257410295
237,Je préfère ne pas répondre,PATRIOTE,23,6410,0.0035881435257410295
238,Je préfère ne pas répondre,IRRÉPROCHABLE,21,6410,0.0032761310452418097
239,Je préfère ne pas répondre,CONCRET,21,6410,0.0032761310452418097
240,Je préfère ne pas répondre,JEUNE,20,6410,0.0031201248049922
241,Je préfère ne pas répondre,ÉCOLOGISTE,19,6410,0.00296411856474259
242,Je préfère ne pas répondre,INNOVANT,19,6410,0.00296411856474259
243,Je préfère ne pas répondre,ATTENTIF,19,6410,0.00296411856474259
244,Je préfère ne pas répondre,EXEMPLAIRE,19,6410,0.00296411856474259
245,Je préfère ne pas répondre,RÉVOLUTIONNAIRE,18,6410,0.0028081123244929796
246,Je préfère ne pas répondre,DROITURE,18,6410,0.0028081123244929796
247,Je préfère ne pas répondre,COURAGE,17,6410,0.0026521060842433697
248,Je préfère ne pas répondre,RESPECTUEUX,17,6410,0.0026521060842433697
249,Je préfère ne pas répondre,SAGE,16,6410,0.0024960998439937598
250,Droite,HONNÊTE,664,3748,0.17716115261472787
251,Droite,INTÈGRE,203,3748,0.05416221985058698
252,Droite,JUSTE,106,3748,0.028281750266808965
253,Droite,HONNÊTETÉ,88,3748,0.023479188900747065
254,Droite,HUMAIN,83,3748,0.022145144076840984
255,Droite,SINCÈRE,78,3748,0.0208110992529349
256,Droite,HUMANISTE,67,3748,0.017876200640341514
257,Droite,COMPÉTENT,66,3748,0.017609391675560297
258,Droite,EFFICACE,66,3748,0.017609391675560297
259,Droite,COURAGEUX,65,3748,0.017342582710779084
260,Droite,RÉALISTE,64,3748,0.017075773745997867
261,Droite,ALTRUISTE,50,3748,0.013340448239060833
262,Droite,À L'ÉCOUTE,47,3748,0.012540021344717182
263,Droite,PRAGMATIQUE,47,3748,0.012540021344717182
264,Droite,VISIONNAIRE,43,3748,0.011472785485592316
265,Droite,RESPONSABLE,41,3748,0.010939167556029883
266,Droite,LE PEN,38,3748,0.010138740661686232
267,Droite,CITOYEN,31,3748,0.008271077908217716
268,Droite,INDÉPENDANT,29,3748,0.007737459978655283
269,Droite,INCORRUPTIBLE,29,3748,0.007737459978655283
270,Droite,PATRIOTE,28,3748,0.007470651013874066
271,Droite,INTÉGRITÉ,25,3748,0.006670224119530417
272,Droite,INTELLIGENT,25,3748,0.006670224119530417
273,Droite,HUMBLE,24,3748,0.0064034151547491995
274,Droite,FRANC,24,3748,0.0064034151547491995
275,Droite,ENGAGÉ,21,3748,0.005602988260405549
276,Droite,LOYAL,21,3748,0.005602988260405549
277,Droite,DÉSINTÉRESSÉ,20,3748,0.005336179295624333
278,Droite,OUVERT,20,3748,0.005336179295624333
279,Droite,ATTENTIF,20,3748,0.005336179295624333
280,Droite,VRAI,19,3748,0.005069370330843116
281,Droite,FIABLE,18,3748,0.0048025613660619
282,Droite,BIENVEILLANT,17,3748,0.004535752401280683
283,Droite,MÉLENCHON,17,3748,0.004535752401280683
284,Droite,EXEMPLAIRE,16,3748,0.004268943436499467
285,Droite,ÉCOLOGISTE,15,3748,0.00400213447171825
286,Droite,DROIT,15,3748,0.00400213447171825
287,Droite,UNE FEMME,14,3748,0.003735325506937033
288,Droite,CHARISMATIQUE,13,3748,0.0034685165421558164
289,Droite,FRANCHISE,13,3748,0.0034685165421558164
290,Droite,CONSCIENT,12,3748,0.0032017075773745998
291,Droite,SINCÉRITÉ,12,3748,0.0032017075773745998
292,Droite,COHÉRENT,12,3748,0.0032017075773745998
293,Droite,TRANSPARENT,12,3748,0.0032017075773745998
294,Droite,INTEGRITÉ,12,3748,0.0032017075773745998
295,Droite,TRANSPARENCE,11,3748,0.002934898612593383
296,Droite,LIBRE,11,3748,0.002934898612593383
297,Droite,EMPATHIQUE,11,3748,0.002934898612593383
298,Droite,DÉTERMINÉ,11,3748,0.002934898612593383
299,Droite,JEUNE,11,3748,0.002934898612593383
300,Autre tendance,HONNÊTE,1169,6404,0.1825421611492817
301,Autre tendance,INTÈGRE,340,6404,0.05309181761399125
302,Autre tendance,JUSTE,187,6404,0.02920049968769519
303,Autre tendance,HUMAIN,171,6404,0.02670206121174266
304,Autre tendance,HONNÊTETÉ,140,6404,0.021861336664584636
305,Autre tendance,SINCÈRE,134,6404,0.020924422236102434
306,Autre tendance,HUMANISTE,127,6404,0.019831355402873205
307,Autre tendance,RÉALISTE,117,6404,0.018269831355402874
308,Autre tendance,COURAGEUX,115,6404,0.017957526545908806
309,Autre tendance,EFFICACE,107,6404,0.016708307307932543
310,Autre tendance,VISIONNAIRE,101,6404,0.015771392879450345
311,Autre tendance,À L'ÉCOUTE,92,6404,0.014366021236727046
312,Autre tendance,COMPÉTENT,92,6404,0.014366021236727046
313,Autre tendance,ALTRUISTE,88,6404,0.013741411617738912
314,Autre tendance,RESPONSABLE,72,6404,0.011242973141786383
315,Autre tendance,PRAGMATIQUE,62,6404,0.009681449094316053
316,Autre tendance,INDÉPENDANT,57,6404,0.008900687070580887
317,Autre tendance,INCORRUPTIBLE,48,6404,0.007495315427857589
318,Autre tendance,DÉSINTÉRESSÉ,45,6404,0.0070268582136164895
319,Autre tendance,VRAI,43,6404,0.006714553404122424
320,Autre tendance,FIABLE,43,6404,0.006714553404122424
321,Autre tendance,FRANC,41,6404,0.006402248594628357
322,Autre tendance,INTELLIGENT,37,6404,0.005777638975640225
323,Autre tendance,LE PEN,37,6404,0.005777638975640225
324,Autre tendance,LOYAL,36,6404,0.005621486570893191
325,Autre tendance,HUMBLE,36,6404,0.005621486570893191
326,Autre tendance,CITOYEN,35,6404,0.005465334166146159
327,Autre tendance,ÉCOLOGISTE,33,6404,0.005153029356652092
328,Autre tendance,OUVERT,33,6404,0.005153029356652092
329,Autre tendance,DROIT,32,6404,0.004996876951905059
330,Autre tendance,MÉLENCHON,31,6404,0.004840724547158027
331,Autre tendance,INTÉGRITÉ,30,6404,0.004684572142410993
332,Autre tendance,ENGAGÉ,30,6404,0.004684572142410993
333,Autre tendance,PATRIOTE,29,6404,0.00452841973766396
334,Autre tendance,RESPECTUEUX,25,6404,0.0039038101186758276
335,Autre tendance,IRRÉPROCHABLE,25,6404,0.0039038101186758276
336,Autre tendance,JEUNE,25,6404,0.0039038101186758276
337,Autre tendance,CRÉDIBLE,25,6404,0.0039038101186758276
338,Autre tendance,ATTENTIF,25,6404,0.0039038101186758276
339,Autre tendance,CONCRET,23,6404,0.0035915053091817614
340,Autre tendance,TRANSPARENCE,23,6404,0.0035915053091817614
341,Autre tendance,EXEMPLAIRE,23,6404,0.0035915053091817614
342,Autre tendance,TRANSPARENT,22,6404,0.003435352904434728
343,Autre tendance,SINCÉRITÉ,22,6404,0.003435352904434728
344,Autre tendance,NOUVEAU,21,6404,0.003279200499687695
345,Autre tendance,DÉTERMINÉ,21,6404,0.003279200499687695
346,Autre tendance,NOVATEUR,20,6404,0.003123048094940662
347,Autre tendance,BIENVEILLANT,19,6404,0.002966895690193629
348,Autre tendance,RASSEMBLEUR,19,6404,0.002966895690193629
349,Autre tendance,RÉVOLUTIONNAIRE,18,6404,0.0028107432854465957
350,Centre,HONNÊTE,352,1840,0.19130434782608696
351,Centre,INTÈGRE,94,1840,0.051086956521739134
352,Centre,HUMAIN,52,1840,0.02826086956521739
353,Centre,HONNÊTETÉ,51,1840,0.027717391304347826
354,Centre,JUSTE,50,1840,0.02717391304347826
355,Centre,SINCÈRE,36,1840,0.01956521739130435
356,Centre,COMPÉTENT,33,1840,0.017934782608695653
357,Centre,RÉALISTE,32,1840,0.017391304347826087
358,Centre,À L'ÉCOUTE,30,1840,0.016304347826086956
359,Centre,EFFICACE,29,1840,0.01576086956521739
360,Centre,COURAGEUX,28,1840,0.015217391304347827
361,Centre,RESPONSABLE,28,1840,0.015217391304347827
362,Centre,VISIONNAIRE,25,1840,0.01358695652173913
363,Centre,INCORRUPTIBLE,25,1840,0.01358695652173913
364,Centre,HUMANISTE,25,1840,0.01358695652173913
365,Centre,ALTRUISTE,20,1840,0.010869565217391304
366,Centre,PRAGMATIQUE,18,1840,0.009782608695652175
367,Centre,ENGAGÉ,15,1840,0.008152173913043478
368,Centre,INDÉPENDANT,14,1840,0.007608695652173913
369,Centre,CITOYEN,13,1840,0.007065217391304348
370,Centre,DÉSINTÉRESSÉ,10,1840,0.005434782608695652
371,Centre,LE PEN,10,1840,0.005434782608695652
372,Centre,FIABLE,10,1840,0.005434782608695652
373,Centre,INTELLIGENT,10,1840,0.005434782608695652
374,Centre,FRANC,10,1840,0.005434782608695652
375,Centre,INTÉGRITÉ,10,1840,0.005434782608695652
376,Centre,HUMBLE,9,1840,0.004891304347826087
377,Centre,EXEMPLAIRE,9,1840,0.004891304347826087
378,Centre,RÉVOLUTIONNAIRE,9,1840,0.004891304347826087
379,Centre,DROIT,8,1840,0.004347826086956522
380,Centre,ATTENTIF,8,1840,0.004347826086956522
381,Centre,MÉLENCHON,8,1840,0.004347826086956522
382,Centre,MOI,8,1840,0.004347826086956522
383,Centre,LOYAL,8,1840,0.004347826086956522
384,Centre,OUVERT,8,1840,0.004347826086956522
385,Centre,DROITURE,7,1840,0.0038043478260869567
386,Centre,RESPECT,7,1840,0.0038043478260869567
387,Centre,INNOVANT,7,1840,0.0038043478260869567
388,Centre,DÉTERMINÉ,7,1840,0.0038043478260869567
389,Centre,CRÉDIBLE,7,1840,0.0038043478260869567
390,Centre,TRANSPARENT,7,1840,0.0038043478260869567
391,Centre,VRAI,7,1840,0.0038043478260869567
392,Centre,IRRÉPROCHABLE,7,1840,0.0038043478260869567
393,Centre,BIENVEILLANT,7,1840,0.0038043478260869567
394,Centre,CHARISMATIQUE,7,1840,0.0038043478260869567
395,Centre,RÉFORMATEUR,6,1840,0.003260869565217391
396,Centre,FRANCHISE,6,1840,0.003260869565217391
397,Centre,NOUVEAU,6,1840,0.003260869565217391
398,Centre,CONCRET,6,1840,0.003260869565217391
399,Centre,DÉMOCRATE,6,1840,0.003260869565217391
400,Extrême droite,HONNÊTE,332,1866,0.17792068595927116
401,Extrême droite,INTÈGRE,103,1866,0.05519828510182208
402,Extrême droite,HONNÊTETÉ,56,1866,0.030010718113612004
403,Extrême droite,JUSTE,53,1866,0.02840300107181136
404,Extrême droite,HUMAIN,45,1866,0.024115755627009645
405,Extrême droite,HUMANISTE,44,1866,0.023579849946409433
406,Extrême droite,COMPÉTENT,37,1866,0.01982851018220793
407,Extrême droite,EFFICACE,32,1866,0.01714898177920686
408,Extrême droite,COURAGEUX,31,1866,0.016613076098606645
409,Extrême droite,RÉALISTE,31,1866,0.016613076098606645
410,Extrême droite,RESPONSABLE,30,1866,0.01607717041800643
411,Extrême droite,SINCÈRE,30,1866,0.01607717041800643
412,Extrême droite,À L'ÉCOUTE,24,1866,0.012861736334405145
413,Extrême droite,VISIONNAIRE,24,1866,0.012861736334405145
414,Extrême droite,PRAGMATIQUE,21,1866,0.011254019292604502
415,Extrême droite,ALTRUISTE,19,1866,0.010182207931404072
416,Extrême droite,LE PEN,18,1866,0.00964630225080386
417,Extrême droite,OUVERT,14,1866,0.007502679528403001
418,Extrême droite,INDÉPENDANT,13,1866,0.006966773847802787
419,Extrême droite,INCORRUPTIBLE,12,1866,0.006430868167202572
420,Extrême droite,HUMBLE,12,1866,0.006430868167202572
421,Extrême droite,INTÉGRITÉ,12,1866,0.006430868167202572
422,Extrême droite,CITOYEN,11,1866,0.005894962486602358
423,Extrême droite,ENGAGÉ,11,1866,0.005894962486602358
424,Extrême droite,DÉSINTÉRESSÉ,10,1866,0.0053590568060021436
425,Extrême droite,ÉCOLOGISTE,10,1866,0.0053590568060021436
426,Extrême droite,DROIT,10,1866,0.0053590568060021436
427,Extrême droite,FIABLE,10,1866,0.0053590568060021436
428,Extrême droite,MÉLENCHON,9,1866,0.00482315112540193
429,Extrême droite,INTELLIGENT,9,1866,0.00482315112540193
430,Extrême droite,LIBRE,9,1866,0.00482315112540193
431,Extrême droite,EMPATHIQUE,9,1866,0.00482315112540193
432,Extrême droite,BIENVEILLANT,8,1866,0.004287245444801715
433,Extrême droite,SARKOZY,8,1866,0.004287245444801715
434,Extrême droite,UNE FEMME,8,1866,0.004287245444801715
435,Extrême droite,LOYAL,8,1866,0.004287245444801715
436,Extrême droite,PATRIOTE,8,1866,0.004287245444801715
437,Extrême droite,IRRÉPROCHABLE,8,1866,0.004287245444801715
438,Extrême droite,VRAI,7,1866,0.0037513397642015005
439,Extrême droite,CHARISMATIQUE,7,1866,0.0037513397642015005
440,Extrême droite,TRANSPARENT,6,1866,0.003215434083601286
441,Extrême droite,EXEMPLAIRE,6,1866,0.003215434083601286
442,Extrême droite,ATTENTIF,6,1866,0.003215434083601286
443,Extrême droite,JEUNE,6,1866,0.003215434083601286
444,Extrême droite,NOUVEAU,6,1866,0.003215434083601286
445,Extrême droite,OBAMA,6,1866,0.003215434083601286
446,Extrême droite,COHÉRENT,5,1866,0.0026795284030010718
447,Extrême droite,DÉMOCRATE,5,1866,0.0026795284030010718
448,Extrême droite,SINCÉRITÉ,5,1866,0.0026795284030010718
449,Extrême droite,RASSEMBLEUR,5,1866,0.0026795284030010718
450,Centre-droite,HONNÊTE,449,2390,0.1878661087866109
451,Centre-droite,INTÈGRE,115,2390,0.04811715481171548
452,Centre-droite,HUMAIN,71,2390,0.029707112970711297
453,Centre-droite,JUSTE,66,2390,0.027615062761506277
454,Centre-droite,HONNÊTETÉ,58,2390,0.024267782426778243
455,Centre-droite,SINCÈRE,45,2390,0.01882845188284519
456,Centre-droite,RÉALISTE,41,2390,0.01715481171548117
457,Centre-droite,HUMANISTE,40,2390,0.016736401673640166
458,Centre-droite,À L'ÉCOUTE,37,2390,0.015481171548117154
459,Centre-droite,COMPÉTENT,36,2390,0.01506276150627615
460,Centre-droite,VISIONNAIRE,35,2390,0.014644351464435146
461,Centre-droite,EFFICACE,33,2390,0.013807531380753139
462,Centre-droite,COURAGEUX,33,2390,0.013807531380753139
463,Centre-droite,RESPONSABLE,32,2390,0.013389121338912133
464,Centre-droite,PRAGMATIQUE,31,2390,0.01297071129707113
465,Centre-droite,INDÉPENDANT,25,2390,0.010460251046025104
466,Centre-droite,ALTRUISTE,23,2390,0.009623430962343096
467,Centre-droite,INTÉGRITÉ,23,2390,0.009623430962343096
468,Centre-droite,LE PEN,18,2390,0.007531380753138075
469,Centre-droite,CITOYEN,18,2390,0.007531380753138075
470,Centre-droite,FRANC,13,2390,0.005439330543933054
471,Centre-droite,DÉSINTÉRESSÉ,13,2390,0.005439330543933054
472,Centre-droite,INTELLIGENT,13,2390,0.005439330543933054
473,Centre-droite,INCORRUPTIBLE,12,2390,0.00502092050209205
474,Centre-droite,EMPATHIQUE,12,2390,0.00502092050209205
475,Centre-droite,FIABLE,11,2390,0.004602510460251046
476,Centre-droite,ÉCOLOGISTE,10,2390,0.0041841004184100415
477,Centre-droite,VRAI,10,2390,0.0041841004184100415
478,Centre-droite,HUMBLE,10,2390,0.0041841004184100415
479,Centre-droite,UNE FEMME,10,2390,0.0041841004184100415
480,Centre-droite,MÉLENCHON,9,2390,0.0037656903765690376
481,Centre-droite,OUVERT,9,2390,0.0037656903765690376
482,Centre-droite,LIBRE,9,2390,0.0037656903765690376
483,Centre-droite,RESPECTUEUX,9,2390,0.0037656903765690376
484,Centre-droite,JEUNE,9,2390,0.0037656903765690376
485,Centre-droite,PATRIOTE,9,2390,0.0037656903765690376
486,Centre-droite,CONSCIENT,9,2390,0.0037656903765690376
487,Centre-droite,ATTENTIF,8,2390,0.0033472803347280333
488,Centre-droite,EXEMPLAIRE,8,2390,0.0033472803347280333
489,Centre-droite,RÉFORMATEUR,8,2390,0.0033472803347280333
490,Centre-droite,LOYAL,8,2390,0.0033472803347280333
491,Centre-droite,DÉMOCRATE,8,2390,0.0033472803347280333
492,Centre-droite,SÉRIEUX,8,2390,0.0033472803347280333
493,Centre-droite,CONCRET,8,2390,0.0033472803347280333
494,Centre-droite,SAGE,8,2390,0.0033472803347280333
495,Centre-droite,NOVATEUR,7,2390,0.0029288702928870294
496,Centre-droite,CAPABLE,7,2390,0.0029288702928870294
497,Centre-droite,ÉTHIQUE,7,2390,0.0029288702928870294
498,Centre-droite,CHARISMATIQUE,7,2390,0.0029288702928870294
499,Centre-droite,RASSEMBLEUR,7,2390,0.0029288702928870294
500,Centre-droite,HONNÊTE,449,2390,0.1878661087866109
501,Centre-droite,INTÈGRE,115,2390,0.04811715481171548
502,Centre-droite,HUMAIN,71,2390,0.029707112970711297
503,Centre-droite,JUSTE,66,2390,0.027615062761506277
504,Centre-droite,HONNÊTETÉ,58,2390,0.024267782426778243
505,Centre-droite,SINCÈRE,45,2390,0.01882845188284519
506,Centre-droite,RÉALISTE,41,2390,0.01715481171548117
507,Centre-droite,HUMANISTE,40,2390,0.016736401673640166
508,Centre-droite,À L'ÉCOUTE,37,2390,0.015481171548117154
509,Centre-droite,COMPÉTENT,36,2390,0.01506276150627615
510,Centre-droite,VISIONNAIRE,35,2390,0.014644351464435146
511,Centre-droite,EFFICACE,33,2390,0.013807531380753139
512,Centre-droite,COURAGEUX,33,2390,0.013807531380753139
513,Centre-droite,RESPONSABLE,32,2390,0.013389121338912133
514,Centre-droite,PRAGMATIQUE,31,2390,0.01297071129707113
515,Centre-droite,INDÉPENDANT,25,2390,0.010460251046025104
516,Centre-droite,ALTRUISTE,23,2390,0.009623430962343096
517,Centre-droite,INTÉGRITÉ,23,2390,0.009623430962343096
518,Centre-droite,LE PEN,18,2390,0.007531380753138075
519,Centre-droite,CITOYEN,18,2390,0.007531380753138075
520,Centre-droite,FRANC,13,2390,0.005439330543933054
521,Centre-droite,DÉSINTÉRESSÉ,13,2390,0.005439330543933054
522,Centre-droite,INTELLIGENT,13,2390,0.005439330543933054
523,Centre-droite,INCORRUPTIBLE,12,2390,0.00502092050209205
524,Centre-droite,EMPATHIQUE,12,2390,0.00502092050209205
525,Centre-droite,FIABLE,11,2390,0.004602510460251046
526,Centre-droite,ÉCOLOGISTE,10,2390,0.0041841004184100415
527,Centre-droite,VRAI,10,2390,0.0041841004184100415
528,Centre-droite,HUMBLE,10,2390,0.0041841004184100415
529,Centre-droite,UNE FEMME,10,2390,0.0041841004184100415
530,Centre-droite,MÉLENCHON,9,2390,0.0037656903765690376
531,Centre-droite,OUVERT,9,2390,0.0037656903765690376
532,Centre-droite,LIBRE,9,2390,0.0037656903765690376
533,Centre-droite,RESPECTUEUX,9,2390,0.0037656903765690376
534,Centre-droite,JEUNE,9,2390,0.0037656903765690376
535,Centre-droite,PATRIOTE,9,2390,0.0037656903765690376
536,Centre-droite,CONSCIENT,9,2390,0.0037656903765690376
537,Centre-droite,ATTENTIF,8,2390,0.0033472803347280333
538,Centre-droite,EXEMPLAIRE,8,2390,0.0033472803347280333
539,Centre-droite,RÉFORMATEUR,8,2390,0.0033472803347280333
540,Centre-droite,LOYAL,8,2390,0.0033472803347280333
541,Centre-droite,DÉMOCRATE,8,2390,0.0033472803347280333
542,Centre-droite,SÉRIEUX,8,2390,0.0033472803347280333
543,Centre-droite,CONCRET,8,2390,0.0033472803347280333
544,Centre-droite,SAGE,8,2390,0.0033472803347280333
545,Centre-droite,NOVATEUR,7,2390,0.0029288702928870294
546,Centre-droite,CAPABLE,7,2390,0.0029288702928870294
547,Centre-droite,ÉTHIQUE,7,2390,0.0029288702928870294
548,Centre-droite,CHARISMATIQUE,7,2390,0.0029288702928870294
549,Centre-droite,RASSEMBLEUR,7,2390,0.0029288702928870294
